<?xml version="1.0" encoding="UTF-8" standalone="yes"?>
<addon id="plugin.video.LiveMe" name="LiveMe"
	version="1.0.2" provider-name="xbman">
	<requires>
		<import addon="xbmc.python" version="2.1.0" />
        <import addon="script.module.requests" version="2.12.4"/>
	</requires>
	<extension point="xbmc.python.pluginsource" library="default.py">
		<provides>video</provides>
	</extension>
	<extension point="xbmc.addon.metadata">
		<summary lang="en">[COLOR mediumpurple]LiveMe[/COLOR] - Watch Broadcasters Live.</summary>
		<description lang="en">Watch Broadcasters Live from LiveMe.com
[COLOR=mediumpurple][B]Your moment is here.[/B][/COLOR]
[COLOR slategray]Chatting is available through your phone or tablet.[/COLOR]
[COLOR slategray]Or start your very own broadcast via the liveme App.[/COLOR]
* Support: https://github.com/xbman/Repo/issues</description>
        <news>[B]1.0.2[/B] 6-15-2017 addon info updated.</news>
        <disclaimer lang="en">The author does not have any affiliation with the content provider or with the broadcasters content. Enjoy! :-)</disclaimer>
		<platform>all</platform>
		<language>en</language>
		<email></email>
        <forum></forum>
	</extension>
</addon>
