<?xml version="1.0" encoding="UTF-8"?>
<addon id="plugin.program.HoroscopeDaily" provider-name="xbman"
       version="1.0.0" name="Horoscope Daily">
  <requires>
  	<import addon="xbmc.python" version="2.1.0" />
  </requires>
  <extension point="xbmc.python.script" library="default.py">
    <provides>executable</provides>
  </extension>
  <extension point="xbmc.addon.metadata">
  	<summary>View your Horoscope Daily</summary>
  	<description>[COLOR thistle][B]View your Horoscope Daily.[/B][/COLOR]
    
* Support: https://github.com/xbman/Repo/issues</description>
<news>
[B]Horoscope Daily 1.0.0[/B] (07-09-2017)
+ Initial release.
</news>
  	<disclaimer>* The author does not have any affiliation with the site.
* Horoscopes are for entertainment purposes only.</disclaimer>
  	<language>en</language>
  	<platform>all</platform>
  	<forum></forum>
  	<website>http://xbman.cu.cc</website>
  	<source></source>
  	<email></email>
  </extension>
</addon>
