<?xml version="1.0" encoding="UTF-8" standalone="yes"?>
<addon id="plugin.video.Vlive" name="Vlive"
	version="3.1.6" provider-name="xbman">
	<requires>
		<import addon="xbmc.python" version="2.1.0" />
        <import addon="script.module.requests" version="2.12.4"/>
	</requires>
	<extension point="xbmc.python.pluginsource" library="default.py">
		<provides>video</provides>
	</extension>
	<extension point="xbmc.addon.metadata">
		<summary lang="en">Vlive - Watch streams from vaughnlive.</summary>
		<description lang="en">Watch various streams from vaughnlive.

*******************[B]Vlive[/B]*******************
* Watch broadcasters streams from vaughnlive.tv *
* This addon does not contain live tv stations. *
* * Create your own broadcast at vaughnlive.tv! *
* Support broadcasters by visiting vaughnlive.tv
*******************[B]Vlive[/B]*******************</description>

        <disclaimer lang="en">The author does not have any affiliation with the content provider or with the broadcasters content. Enjoy! :-)
* This addon is maintained for personal python development learning experience.
* This addon retrieves links from a webpage that we have no control over.
* The addon does not contain live tv stations, despite the name live being in Vlive.
* You may contact any broadcasters via the vaughnlive.tv website.
* Create your own broadcast at vaughnlive.tv!</disclaimer>
		<platform>all</platform>
		<language>en</language>
		<email></email>
        <forum></forum>
        <news>Vlive 3.1.6 (1-27-2018)
+ Rtmp srv map updates.
+ Html5 playback returns.
+ Set playback in vlive settings.
+ more updates may follow.</news>
	</extension>
</addon>
