<?xml version="1.0" encoding="UTF-8" standalone="yes"?>
<addon id="plugin.video.FloSports" name="FloSports"
	version="1.0.0" provider-name="xbman">
	<requires>
		<import addon="xbmc.python" version="2.1.0" />
        <import addon="script.module.requests" version="2.12.4"/>
	</requires>
	<extension point="xbmc.python.pluginsource" library="default.py">
		<provides>video</provides>
	</extension>
	<extension point="xbmc.addon.metadata">
		<summary lang="en">[COLOR orange]FloSports[/COLOR] - Watch Sports Videos.</summary>
		<description lang="en">Watch sports videos from flosports.tv
For support: Visit: tvaddons.ag/forums</description>
        <news>no news</news>
        <disclaimer lang="en">The author does not have any affiliation with the content provider or with the broadcasters content. Enjoy! :-)</disclaimer>
		<platform>all</platform>
		<language>en</language>
		<email></email>
        <forum></forum>
	</extension>
</addon>
