<?xml version="1.0" encoding="UTF-8" standalone="yes"?>
<addon id="plugin.video.ChaturCam" name="ChaturCam"
	version="1.0.1" provider-name="xbman">
	<requires>
		<import addon="xbmc.python" version="2.1.0" />
	</requires>
	<extension point="xbmc.python.pluginsource" library="default.py">
		<provides>video</provides>
	</extension>
	<extension point="xbmc.addon.metadata">
		<summary lang="en">ChaturCam - Watch Adult Cam Streams.</summary>
		<description lang="en">Watch Adult Cam streams from various places.

*******************[B]ChaturCam[/B]*******************
* Watch Adult Cam streams from various places. *
* * *  This addon is for Adults Only! * * *
* Support broadcasters by visiting the website *
*******************[B]ChaturCam[/B]*******************</description>

        <disclaimer lang="en">* This addon is for adults only!
* The author does not have any affiliation with the content provider or with the broadcasters content. Enjoy! :-)
* This addon is maintained for personal python development learning experience.
* This addon retrieves links from a webpage that we have no control over.
</disclaimer>
		<platform>all</platform>
		<language>en</language>
		<email></email>
        <forum>http://xbman.usa.cc</forum>
        <news>ChaturCam: 1.0.1 (11-5-2018)
1.0.1 (11-5-2018)
.. error fix.
.. No fix for win10 for it sux!</news>
</extension>
</addon>
